{"nodes": [{"color": "#ff8000", "depth": 0, "name": "T12", "words": "punishment, harm, criminal, forgiveness, wrong, torture, civil, justice, crime, morally"}, {"color": "#fffe33", "depth": 0, "name": "T29", "words": "sets, numbers, axioms, axiom, cardinal, zfc, large, dedekind, cantor, paradox"}, {"color": "#e41a1c", "depth": 0, "name": "T40", "words": "rights, property, children, child, individuals, nozick, free, private, duties, legal"}, {"color": "#4daf4a", "depth": 0, "name": "T42", "words": "propositions, proposition, sentences, sentence, context, false, worlds, propositional, semantic, content"}, {"color": "#974fa2", "depth": 0, "name": "T43", "words": "justice, equality, equal, society, opportunity, health, economic, distributive, distribution, resources"}, {"color": "#f781bf", "depth": 0, "name": "T47", "words": "selection, evolutionary, species, biology, biological, genetic, genes, evolution, organisms, gene"}, {"color": "#4daf4a", "depth": 0, "name": "T50", "words": "approach, model, process, used, e.g, structure, analysis, relevant, systems, often"}, {"color": "#a7572a", "depth": 0, "name": "T54", "words": "proof, gdel, mathematics, intuitionistic, theorem, brouwer, arithmetic, hilbert, constructive, classical"}, {"color": "#e41a1c", "depth": 0, "name": "T56", "words": "spacetime, relativity, einstein, field, weyl, structure, physics, hole, energy, mass"}, {"color": "#f781bf", "depth": 0, "name": "T63", "words": "meaning, linguistic, semantic, words, word, meanings, languages, sentences, sentence, grammar"}, {"color": "#e41a1c", "depth": 0, "name": "T64", "words": "models, model, systems, chaos, behavior, biodiversity, conservation, simulation, species, target"}, {"color": "#397db6", "depth": 0, "name": "T65", "words": "model, x, formula, first-order, every, sentence, theorem, free, algebra, 0"}, {"color": "#4daf4a", "depth": 0, "name": "T66", "words": "art, aesthetic, beauty, aesthetics, works, beautiful, music, taste, artistic, arts"}, {"color": "#fffe33", "depth": 0, "name": "T69", "words": "divine, universe, power, perfect, necessary, exists, creation, theism, hartshorne, created"}, {"color": "#e41a1c", "depth": 0, "name": "T72", "words": "probability, evidence, hypothesis, h, hypotheses, probabilities, e, bayesian, data, inductive"}, {"color": "#a7572a", "depth": 0, "name": "T78", "words": "ways, values, often, cultural, issues, within, forms, practices, among, traditional"}, {"color": "#397db6", "depth": 0, "name": "T81", "words": "quantum, measurement, mechanics, classical, bohr, interpretation, wave, systems, particle, probability"}, {"color": "#a7572a", "depth": 0, "name": "T86", "words": "government, international, power, democratic, citizens, democracy, war, global, civil, politics"}, {"color": "#f781bf", "depth": 0, "name": "T87", "words": "makes, clear, think, understanding, indeed, simply, argues, understand, take, need"}, {"color": "#4daf4a", "depth": 0, "name": "T90", "words": "preferences, preference, choice, alternatives, economics, welfare, aggregation, voting, arrow, majority"}, {"color": "#974fa2", "depth": 0, "name": "T91", "words": "b, i.e, following, 3, consider, c, section, f, 4, either"}, {"color": "#fffe33", "depth": 0, "name": "T93", "words": "legal, authority, obligation, contract, consent, rule, rules, coercion, obligations, duty"}, {"color": "#f781bf", "depth": 0, "name": "T95", "words": "causal, cause, explanation, causation, causes, explanations, events, effect, explanatory, processes"}, {"color": "#e41a1c", "depth": 0, "name": "T96", "words": "scientific, empirical, sciences, epistemology, epistemic, method, evidence, methods, inquiry, naturalism"}, {"color": "#974fa2", "depth": 0, "name": "T99", "words": "strategies, evolutionary, empathy, altruism, rational, population, cooperation, strategy, behavior, payoff"}, {"color": "#a7572a", "depth": 0, "name": "T102", "words": "need, cases, better, best, think, less, still, take, making, perhaps"}, {"color": "#f781bf", "depth": 0, "name": "T103", "words": "e.g, notion, distinction, discussion, often, understood, views, accounts, although, respect"}, {"color": "#974fa2", "depth": 0, "name": "T107", "words": "justification, beliefs, justified, epistemic, evidence, know, believing, proposition, epistemology, believe"}, {"color": "#a7572a", "depth": 0, "name": "T110", "words": "game, player, players, games, strategy, agents, common, equilibrium, strategies, play"}, {"color": "#f781bf", "depth": 0, "name": "T111", "words": "women, feminist, men, feminists, sexual, gender, sex, pornography, marriage, male"}, {"color": "#e41a1c", "depth": 0, "name": "T112", "words": "gender, identity, body, sex, butler, lacan, sexual, difference, trans, bodies"}, {"color": "#fffe33", "depth": 0, "name": "T117", "words": "practical, principles, reasoning, action, values, capacity, understanding, basis, judgment, interpretation"}, {"inpho_id": 20112, "depth": 1, "name": "aesthetics and philosophy of art"}, {"inpho_id": 20190, "depth": 2, "name": "philosophy of art"}, {"inpho_id": 20230, "depth": 3, "name": "artistic form"}, {"inpho_id": 20236, "depth": 3, "name": "reception"}, {"inpho_id": 20340, "depth": 2, "name": "aesthetics"}, {"inpho_id": 20259, "depth": 3, "name": "aesthetic properties"}, {"inpho_id": 20120, "depth": 1, "name": "social and political philosophy"}, {"inpho_id": 20143, "depth": 2, "name": "social justice"}, {"inpho_id": 20262, "depth": 3, "name": "liberalism"}, {"inpho_id": 20263, "depth": 3, "name": "human rights"}, {"inpho_id": 20354, "depth": 3, "name": "distributive and economic justice"}, {"inpho_id": 20152, "depth": 2, "name": "political morality"}, {"inpho_id": 20282, "depth": 3, "name": "political authority"}, {"inpho_id": 20155, "depth": 2, "name": "forms of government"}, {"inpho_id": 20352, "depth": 2, "name": "international ethics"}, {"inpho_id": 20351, "depth": 3, "name": "war and pacifism"}, {"inpho_id": 20353, "depth": 2, "name": "global justice"}, {"inpho_id": 20137, "depth": 1, "name": "probability and statistics"}, {"inpho_id": 20146, "depth": 1, "name": "philosophy of physics"}, {"inpho_id": 20128, "depth": 2, "name": "cosmology"}, {"inpho_id": 20145, "depth": 2, "name": "quantum mechanics"}, {"inpho_id": 20207, "depth": 2, "name": "time travel"}, {"inpho_id": 20279, "depth": 2, "name": "statistical mechanics and thermodynamics"}, {"inpho_id": 20294, "depth": 2, "name": "philosophy of space and time"}, {"inpho_id": 20148, "depth": 1, "name": "logic"}, {"inpho_id": 20151, "depth": 2, "name": "inductive logic and decision theory"}, {"inpho_id": 20214, "depth": 3, "name": "decision theory"}, {"inpho_id": 20217, "depth": 3, "name": "game theory"}, {"inpho_id": 20208, "depth": 2, "name": "philosophical logic"}, {"inpho_id": 20301, "depth": 3, "name": "modal logic"}, {"inpho_id": 20324, "depth": 3, "name": "non-classical logic"}, {"inpho_id": 20325, "depth": 3, "name": "deontic logic"}, {"inpho_id": 20209, "depth": 2, "name": "mathematical logic"}, {"inpho_id": 20220, "depth": 3, "name": "boolean algebra"}, {"inpho_id": 20251, "depth": 3, "name": "proof theory"}, {"inpho_id": 20270, "depth": 3, "name": "set theory"}, {"inpho_id": 20366, "depth": 3, "name": "type theory"}, {"inpho_id": 20210, "depth": 2, "name": "history of logic"}, {"inpho_id": 20328, "depth": 2, "name": "philosophy of logic"}, {"inpho_id": 20272, "depth": 3, "name": "paradox"}, {"inpho_id": 20361, "depth": 2, "name": "logic and computation"}, {"inpho_id": 20150, "depth": 1, "name": "philosophy of mind"}, {"inpho_id": 20178, "depth": 2, "name": "consciousness"}, {"inpho_id": 20119, "depth": 3, "name": "aspects of consciousness"}, {"inpho_id": 20265, "depth": 3, "name": "qualia"}, {"inpho_id": 20180, "depth": 2, "name": "mental content"}, {"inpho_id": 20182, "depth": 3, "name": "theories of mental content"}, {"inpho_id": 20297, "depth": 3, "name": "propositional attitude"}, {"inpho_id": 20205, "depth": 2, "name": "perception"}, {"inpho_id": 20357, "depth": 3, "name": "perceptual experience"}, {"inpho_id": 20295, "depth": 2, "name": "philosophy of psychology"}, {"inpho_id": 20118, "depth": 3, "name": "aspects of mind"}, {"inpho_id": 20330, "depth": 3, "name": "folk psychology"}, {"inpho_id": 20331, "depth": 3, "name": "cognitive science"}, {"inpho_id": 20329, "depth": 2, "name": "artificial intelligence"}, {"inpho_id": 20333, "depth": 3, "name": "thinking machine"}, {"inpho_id": 20363, "depth": 3, "name": "computationalism"}, {"inpho_id": 20336, "depth": 2, "name": "metaphysics of mind"}, {"inpho_id": 20136, "depth": 3, "name": "mind-body problem"}, {"inpho_id": 20290, "depth": 4, "name": "physicalism"}, {"inpho_id": 20147, "depth": 3, "name": "free will"}, {"inpho_id": 20305, "depth": 3, "name": "personal identity"}, {"inpho_id": 20153, "depth": 1, "name": "philosophy of language"}, {"inpho_id": 20167, "depth": 2, "name": "compositionality and logical form"}, {"inpho_id": 20141, "depth": 3, "name": "logical form"}, {"inpho_id": 20232, "depth": 2, "name": "semantics"}, {"inpho_id": 20168, "depth": 3, "name": "truth"}, {"inpho_id": 20200, "depth": 3, "name": "reference and denotation"}, {"inpho_id": 20201, "depth": 3, "name": "semantic puzzle"}, {"inpho_id": 20202, "depth": 3, "name": "expression and idiom"}, {"inpho_id": 20370, "depth": 2, "name": "pragmatics"}, {"inpho_id": 20177, "depth": 1, "name": "feminist philosophy"}, {"inpho_id": 20341, "depth": 2, "name": "methods in feminism"}, {"inpho_id": 20185, "depth": 1, "name": "philosophy of biology"}, {"inpho_id": 20125, "depth": 2, "name": "developmental biology"}, {"inpho_id": 20129, "depth": 2, "name": "ecology and conservation"}, {"inpho_id": 20131, "depth": 2, "name": "function and teleology"}, {"inpho_id": 20132, "depth": 2, "name": "molecular biology and genetics"}, {"inpho_id": 20189, "depth": 2, "name": "evolution"}, {"inpho_id": 20193, "depth": 1, "name": "philosophy of mathematics"}, {"inpho_id": 20203, "depth": 1, "name": "philosophy of law"}, {"inpho_id": 20359, "depth": 2, "name": "legal reasoning"}, {"inpho_id": 20228, "depth": 1, "name": "philosophy of computer science"}, {"inpho_id": 20238, "depth": 1, "name": "ethics"}, {"inpho_id": 20212, "depth": 2, "name": "normative ethics"}, {"inpho_id": 20332, "depth": 2, "name": "applied ethics"}, {"inpho_id": 20243, "depth": 3, "name": "bioethics"}, {"inpho_id": 20335, "depth": 3, "name": "ethics and information technology"}, {"inpho_id": 20369, "depth": 2, "name": "metaethics"}, {"inpho_id": 20116, "depth": 3, "name": "internalism"}, {"inpho_id": 20288, "depth": 3, "name": "moral reasoning"}, {"inpho_id": 20289, "depth": 3, "name": "moral epistemology"}, {"inpho_id": 20303, "depth": 3, "name": "externalism"}, {"inpho_id": 20239, "depth": 1, "name": "epistemology"}, {"inpho_id": 20114, "depth": 2, "name": "social epistemology"}, {"inpho_id": 20115, "depth": 2, "name": "naturalized epistemology"}, {"inpho_id": 20163, "depth": 2, "name": "knowledge sources"}, {"inpho_id": 20172, "depth": 2, "name": "justification"}, {"inpho_id": 20215, "depth": 3, "name": "bayesianism"}, {"inpho_id": 20241, "depth": 3, "name": "internalism and externalism"}, {"inpho_id": 20277, "depth": 3, "name": "foundationalism"}, {"inpho_id": 20278, "depth": 3, "name": "coherentism"}, {"inpho_id": 20344, "depth": 2, "name": "knowledge and skepticism"}, {"inpho_id": 20123, "depth": 3, "name": "skepticism"}, {"inpho_id": 20267, "depth": 3, "name": "knowledge"}, {"inpho_id": 20273, "depth": 1, "name": "philosophy of sociology"}, {"inpho_id": 20291, "depth": 1, "name": "philosophy of religion"}, {"inpho_id": 20176, "depth": 2, "name": "religion and politics"}, {"inpho_id": 20245, "depth": 2, "name": "god"}, {"inpho_id": 20199, "depth": 3, "name": "existence of god"}, {"inpho_id": 20246, "depth": 3, "name": "divine attributes"}, {"inpho_id": 20248, "depth": 2, "name": "epistemology of religion"}, {"inpho_id": 20266, "depth": 3, "name": "faith and reason"}, {"inpho_id": 20275, "depth": 3, "name": "revelation"}, {"inpho_id": 20257, "depth": 2, "name": "afterlife"}, {"inpho_id": 20293, "depth": 1, "name": "philosophy of science"}, {"inpho_id": 20164, "depth": 2, "name": "epistemology of science"}, {"inpho_id": 20130, "depth": 3, "name": "models and idealization"}, {"inpho_id": 20188, "depth": 3, "name": "scientific theory"}, {"inpho_id": 20198, "depth": 4, "name": "probability"}, {"inpho_id": 20252, "depth": 3, "name": "explanation"}, {"inpho_id": 20165, "depth": 2, "name": "metaphysics of science"}, {"inpho_id": 20287, "depth": 3, "name": "causation"}, {"inpho_id": 20285, "depth": 4, "name": "cause and effect"}, {"inpho_id": 20260, "depth": 2, "name": "science and religion"}, {"inpho_id": 20356, "depth": 1, "name": "metaphysics"}, {"inpho_id": 20158, "depth": 2, "name": "facts"}, {"inpho_id": 20160, "depth": 2, "name": "object"}, {"inpho_id": 20166, "depth": 2, "name": "property"}, {"inpho_id": 20196, "depth": 2, "name": "relations"}, {"inpho_id": 20298, "depth": 2, "name": "change"}, {"inpho_id": 20323, "depth": 2, "name": "space and time"}, {"inpho_id": 20117, "depth": 3, "name": "matter"}, {"inpho_id": 20197, "depth": 3, "name": "time"}, {"inpho_id": 20271, "depth": 3, "name": "supertasks"}, {"inpho_id": 20292, "depth": 3, "name": "spacetime"}, {"inpho_id": 20345, "depth": 2, "name": "existence"}, {"inpho_id": 20173, "depth": 3, "name": "arguments for the existence of god"}, {"inpho_id": 20367, "depth": 1, "name": "philosophy of economics"}], "links": [{"color": "#4daf4a", "source": "T66", "topic": "T66", "target": "aesthetics and philosophy of art", "value": 11348.150000000001}, {"color": "#f781bf", "source": "T87", "topic": "T87", "target": "aesthetics and philosophy of art", "value": 4575.1500000000005}, {"color": "#f781bf", "source": "T103", "topic": "T103", "target": "aesthetics and philosophy of art", "value": 4171.1500000000015}, {"color": "#4daf4a", "source": "aesthetics and philosophy of art", "topic": "T66", "target": "philosophy of art", "value": 1966.03}, {"color": "#f781bf", "source": "aesthetics and philosophy of art", "topic": "T87", "target": "philosophy of art", "value": 942.02999999999997}, {"color": "#f781bf", "source": "aesthetics and philosophy of art", "topic": "T103", "target": "philosophy of art", "value": 1583.03}, {"color": "#4daf4a", "source": "philosophy of art", "topic": "T66", "target": "artistic form", "value": 1816.01}, {"color": "#f781bf", "source": "philosophy of art", "topic": "T87", "target": "artistic form", "value": 685.00999999999999}, {"color": "#f781bf", "source": "philosophy of art", "topic": "T103", "target": "artistic form", "value": 421.00999999999999}, {"color": "#4daf4a", "source": "philosophy of art", "topic": "T66", "target": "reception", "value": 150.00999999999999}, {"color": "#f781bf", "source": "philosophy of art", "topic": "T87", "target": "reception", "value": 257.00999999999999}, {"color": "#f781bf", "source": "philosophy of art", "topic": "T103", "target": "reception", "value": 1162.01}, {"color": "#4daf4a", "source": "aesthetics and philosophy of art", "topic": "T66", "target": "aesthetics", "value": 7093.0800000000008}, {"color": "#f781bf", "source": "aesthetics and philosophy of art", "topic": "T87", "target": "aesthetics", "value": 2417.0799999999999}, {"color": "#f781bf", "source": "aesthetics and philosophy of art", "topic": "T103", "target": "aesthetics", "value": 1967.0799999999999}, {"color": "#4daf4a", "source": "aesthetics", "topic": "T66", "target": "aesthetic properties", "value": 718.00999999999999}, {"color": "#f781bf", "source": "aesthetics", "topic": "T87", "target": "aesthetic properties", "value": 469.00999999999999}, {"color": "#e41a1c", "source": "T40", "topic": "T40", "target": "social and political philosophy", "value": 14774.320000000005}, {"color": "#a7572a", "source": "T86", "topic": "T86", "target": "social and political philosophy", "value": 14725.320000000005}, {"color": "#a7572a", "source": "T102", "topic": "T102", "target": "social and political philosophy", "value": 11933.320000000005}, {"color": "#e41a1c", "source": "social and political philosophy", "topic": "T40", "target": "social justice", "value": 10496.090000000002}, {"color": "#a7572a", "source": "social and political philosophy", "topic": "T86", "target": "social justice", "value": 2396.0900000000001}, {"color": "#a7572a", "source": "social and political philosophy", "topic": "T102", "target": "social justice", "value": 3735.0900000000001}, {"color": "#e41a1c", "source": "social justice", "topic": "T40", "target": "liberalism", "value": 1317.02}, {"color": "#a7572a", "source": "social justice", "topic": "T86", "target": "liberalism", "value": 190.01999999999998}, {"color": "#a7572a", "source": "social justice", "topic": "T102", "target": "liberalism", "value": 855.01999999999998}, {"color": "#e41a1c", "source": "social justice", "topic": "T40", "target": "human rights", "value": 3736.0200000000004}, {"color": "#a7572a", "source": "social justice", "topic": "T86", "target": "human rights", "value": 105.01999999999998}, {"color": "#a7572a", "source": "social justice", "topic": "T102", "target": "human rights", "value": 792.01999999999998}, {"color": "#e41a1c", "source": "social justice", "topic": "T40", "target": "distributive and economic justice", "value": 636.01000000000022}, {"color": "#a7572a", "source": "social justice", "topic": "T86", "target": "distributive and economic justice", "value": 96.009999999999991}, {"color": "#a7572a", "source": "social justice", "topic": "T102", "target": "distributive and economic justice", "value": 905.00999999999999}, {"color": "#e41a1c", "source": "social and political philosophy", "topic": "T40", "target": "political morality", "value": 2261.1000000000004}, {"color": "#a7572a", "source": "social and political philosophy", "topic": "T86", "target": "political morality", "value": 2826.1000000000004}, {"color": "#a7572a", "source": "social and political philosophy", "topic": "T102", "target": "political morality", "value": 5175.1000000000013}, {"color": "#a7572a", "source": "political morality", "topic": "T86", "target": "political authority", "value": 967.00999999999999}, {"color": "#e41a1c", "source": "social and political philosophy", "topic": "T40", "target": "forms of government", "value": 144.01999999999998}, {"color": "#a7572a", "source": "social and political philosophy", "topic": "T86", "target": "forms of government", "value": 2600.02}, {"color": "#a7572a", "source": "social and political philosophy", "topic": "T102", "target": "forms of government", "value": 987.01999999999998}, {"color": "#e41a1c", "source": "social and political philosophy", "topic": "T40", "target": "international ethics", "value": 1139.05}, {"color": "#a7572a", "source": "social and political philosophy", "topic": "T86", "target": "international ethics", "value": 3937.0500000000002}, {"color": "#a7572a", "source": "social and political philosophy", "topic": "T102", "target": "international ethics", "value": 1198.05}, {"color": "#e41a1c", "source": "international ethics", "topic": "T40", "target": "war and pacifism", "value": 195.01999999999998}, {"color": "#a7572a", "source": "international ethics", "topic": "T86", "target": "war and pacifism", "value": 1521.02}, {"color": "#a7572a", "source": "international ethics", "topic": "T102", "target": "war and pacifism", "value": 450.01999999999998}, {"color": "#e41a1c", "source": "social and political philosophy", "topic": "T40", "target": "global justice", "value": 80.009999999999991}, {"color": "#a7572a", "source": "social and political philosophy", "topic": "T86", "target": "global justice", "value": 935.00999999999999}, {"color": "#a7572a", "source": "social and political philosophy", "topic": "T102", "target": "global justice", "value": 205.00999999999999}, {"color": "#974fa2", "source": "T99", "topic": "T99", "target": "probability and statistics", "value": 5504.0400000000009}, {"color": "#e41a1c", "source": "T72", "topic": "T72", "target": "probability and statistics", "value": 3611.0400000000009}, {"color": "#974fa2", "source": "T91", "topic": "T91", "target": "probability and statistics", "value": 2919.04}, {"color": "#a7572a", "source": "T110", "topic": "T110", "target": "probability and statistics", "value": 1470.0400000000002}, {"color": "#397db6", "source": "T81", "topic": "T81", "target": "philosophy of physics", "value": 26069.289999999972}, {"color": "#e41a1c", "source": "T56", "topic": "T56", "target": "philosophy of physics", "value": 13341.290000000006}, {"color": "#974fa2", "source": "T91", "topic": "T91", "target": "philosophy of physics", "value": 10390.290000000005}, {"color": "#f781bf", "source": "T87", "topic": "T87", "target": "philosophy of physics", "value": 8650.2900000000045}, {"color": "#e41a1c", "source": "philosophy of physics", "topic": "T56", "target": "cosmology", "value": 941.00999999999999}, {"color": "#f781bf", "source": "philosophy of physics", "topic": "T87", "target": "cosmology", "value": 423.00999999999999}, {"color": "#397db6", "source": "philosophy of physics", "topic": "T81", "target": "quantum mechanics", "value": 23597.149999999987}, {"color": "#e41a1c", "source": "philosophy of physics", "topic": "T56", "target": "quantum mechanics", "value": 2304.1499999999996}, {"color": "#974fa2", "source": "philosophy of physics", "topic": "T91", "target": "quantum mechanics", "value": 5364.1500000000024}, {"color": "#f781bf", "source": "philosophy of physics", "topic": "T87", "target": "quantum mechanics", "value": 4434.1500000000015}, {"color": "#397db6", "source": "philosophy of physics", "topic": "T81", "target": "time travel", "value": 80.019999999999982}, {"color": "#e41a1c", "source": "philosophy of physics", "topic": "T56", "target": "time travel", "value": 3114.0200000000004}, {"color": "#974fa2", "source": "philosophy of physics", "topic": "T91", "target": "time travel", "value": 1634.02}, {"color": "#f781bf", "source": "philosophy of physics", "topic": "T87", "target": "time travel", "value": 345.01999999999998}, {"color": "#397db6", "source": "philosophy of physics", "topic": "T81", "target": "statistical mechanics and thermodynamics", "value": 96.019999999999982}, {"color": "#e41a1c", "source": "philosophy of physics", "topic": "T56", "target": "statistical mechanics and thermodynamics", "value": 282.01999999999998}, {"color": "#974fa2", "source": "philosophy of physics", "topic": "T91", "target": "statistical mechanics and thermodynamics", "value": 253.01999999999998}, {"color": "#f781bf", "source": "philosophy of physics", "topic": "T87", "target": "statistical mechanics and thermodynamics", "value": 954.01999999999998}, {"color": "#397db6", "source": "philosophy of physics", "topic": "T81", "target": "philosophy of space and time", "value": 23.009999999999991}, {"color": "#e41a1c", "source": "philosophy of physics", "topic": "T56", "target": "philosophy of space and time", "value": 1343.01}, {"color": "#974fa2", "source": "philosophy of physics", "topic": "T91", "target": "philosophy of space and time", "value": 406.00999999999999}, {"color": "#f781bf", "source": "philosophy of physics", "topic": "T87", "target": "philosophy of space and time", "value": 342.00999999999999}, {"color": "#974fa2", "source": "T91", "topic": "T91", "target": "logic", "value": 20205.569999999985}, {"color": "#397db6", "source": "T65", "topic": "T65", "target": "logic", "value": 17829.569999999996}, {"color": "#974fa2", "source": "logic", "topic": "T91", "target": "inductive logic and decision theory", "value": 4434.0800000000008}, {"color": "#397db6", "source": "logic", "topic": "T65", "target": "inductive logic and decision theory", "value": 738.07999999999993}, {"color": "#974fa2", "source": "inductive logic and decision theory", "topic": "T91", "target": "decision theory", "value": 374.01999999999998}, {"color": "#974fa2", "source": "inductive logic and decision theory", "topic": "T91", "target": "game theory", "value": 541.01999999999998}, {"color": "#397db6", "source": "inductive logic and decision theory", "topic": "T65", "target": "game theory", "value": 540.01999999999998}, {"color": "#974fa2", "source": "logic", "topic": "T91", "target": "philosophical logic", "value": 3978.0900000000011}, {"color": "#397db6", "source": "logic", "topic": "T65", "target": "philosophical logic", "value": 1560.0899999999999}, {"color": "#974fa2", "source": "philosophical logic", "topic": "T91", "target": "modal logic", "value": 580.01999999999998}, {"color": "#397db6", "source": "philosophical logic", "topic": "T65", "target": "modal logic", "value": 618.01999999999998}, {"color": "#974fa2", "source": "philosophical logic", "topic": "T91", "target": "non-classical logic", "value": 519.02999999999997}, {"color": "#397db6", "source": "philosophical logic", "topic": "T65", "target": "non-classical logic", "value": 371.02999999999997}, {"color": "#974fa2", "source": "philosophical logic", "topic": "T91", "target": "deontic logic", "value": 834.00999999999999}, {"color": "#397db6", "source": "philosophical logic", "topic": "T65", "target": "deontic logic", "value": 56.009999999999991}, {"color": "#974fa2", "source": "logic", "topic": "T91", "target": "mathematical logic", "value": 4741.1400000000021}, {"color": "#397db6", "source": "logic", "topic": "T65", "target": "mathematical logic", "value": 6913.1400000000021}, {"color": "#974fa2", "source": "mathematical logic", "topic": "T91", "target": "boolean algebra", "value": 916.01999999999998}, {"color": "#397db6", "source": "mathematical logic", "topic": "T65", "target": "boolean algebra", "value": 2453.02}, {"color": "#974fa2", "source": "mathematical logic", "topic": "T91", "target": "proof theory", "value": 43.009999999999991}, {"color": "#974fa2", "source": "mathematical logic", "topic": "T91", "target": "set theory", "value": 1825.0599999999999}, {"color": "#397db6", "source": "mathematical logic", "topic": "T65", "target": "set theory", "value": 3596.0600000000004}, {"color": "#974fa2", "source": "mathematical logic", "topic": "T91", "target": "type theory", "value": 351.00999999999999}, {"color": "#397db6", "source": "mathematical logic", "topic": "T65", "target": "type theory", "value": 323.00999999999999}, {"color": "#974fa2", "source": "logic", "topic": "T91", "target": "history of logic", "value": 907.07999999999993}, {"color": "#397db6", "source": "logic", "topic": "T65", "target": "history of logic", "value": 1100.0799999999999}, {"color": "#974fa2", "source": "logic", "topic": "T91", "target": "philosophy of logic", "value": 499.03999999999996}, {"color": "#397db6", "source": "logic", "topic": "T65", "target": "philosophy of logic", "value": 171.03999999999996}, {"color": "#974fa2", "source": "philosophy of logic", "topic": "T91", "target": "paradox", "value": 499.00999999999999}, {"color": "#397db6", "source": "philosophy of logic", "topic": "T65", "target": "paradox", "value": 38.009999999999991}, {"color": "#397db6", "source": "logic", "topic": "T65", "target": "logic and computation", "value": 63.009999999999991}, {"color": "#f781bf", "source": "T87", "topic": "T87", "target": "philosophy of mind", "value": 24080.629999999986}, {"color": "#f781bf", "source": "philosophy of mind", "topic": "T87", "target": "consciousness", "value": 2906.0600000000004}, {"color": "#f781bf", "source": "consciousness", "topic": "T87", "target": "aspects of consciousness", "value": 907.00999999999999}, {"color": "#f781bf", "source": "consciousness", "topic": "T87", "target": "qualia", "value": 313.00999999999999}, {"color": "#f781bf", "source": "philosophy of mind", "topic": "T87", "target": "mental content", "value": 1089.04}, {"color": "#f781bf", "source": "mental content", "topic": "T87", "target": "theories of mental content", "value": 270.00999999999999}, {"color": "#f781bf", "source": "mental content", "topic": "T87", "target": "propositional attitude", "value": 480.01999999999998}, {"color": "#f781bf", "source": "philosophy of mind", "topic": "T87", "target": "perception", "value": 7111.1400000000012}, {"color": "#f781bf", "source": "perception", "topic": "T87", "target": "perceptual experience", "value": 727.01999999999998}, {"color": "#f781bf", "source": "philosophy of mind", "topic": "T87", "target": "philosophy of psychology", "value": 3923.130000000001}, {"color": "#f781bf", "source": "philosophy of psychology", "topic": "T87", "target": "aspects of mind", "value": 1861.04}, {"color": "#f781bf", "source": "philosophy of psychology", "topic": "T87", "target": "folk psychology", "value": 242.01999999999998}, {"color": "#f781bf", "source": "philosophy of psychology", "topic": "T87", "target": "cognitive science", "value": 1457.05}, {"color": "#f781bf", "source": "philosophy of mind", "topic": "T87", "target": "artificial intelligence", "value": 2821.0799999999999}, {"color": "#f781bf", "source": "artificial intelligence", "topic": "T87", "target": "thinking machine", "value": 1021.01}, {"color": "#f781bf", "source": "artificial intelligence", "topic": "T87", "target": "computationalism", "value": 780.00999999999999}, {"color": "#f781bf", "source": "philosophy of mind", "topic": "T87", "target": "metaphysics of mind", "value": 5565.1599999999999}, {"color": "#f781bf", "source": "metaphysics of mind", "topic": "T87", "target": "mind-body problem", "value": 3164.0799999999999}, {"color": "#f781bf", "source": "mind-body problem", "topic": "T87", "target": "physicalism", "value": 1760.04}, {"color": "#f781bf", "source": "metaphysics of mind", "topic": "T87", "target": "free will", "value": 709.01999999999998}, {"color": "#f781bf", "source": "metaphysics of mind", "topic": "T87", "target": "personal identity", "value": 272.00999999999999}, {"color": "#4daf4a", "source": "T42", "topic": "T42", "target": "philosophy of language", "value": 15852.360000000002}, {"color": "#4daf4a", "source": "philosophy of language", "topic": "T42", "target": "compositionality and logical form", "value": 3292.04}, {"color": "#4daf4a", "source": "compositionality and logical form", "topic": "T42", "target": "logical form", "value": 2229.0200000000004}, {"color": "#4daf4a", "source": "philosophy of language", "topic": "T42", "target": "semantics", "value": 7221.1900000000014}, {"color": "#4daf4a", "source": "semantics", "topic": "T42", "target": "truth", "value": 1939.0999999999999}, {"color": "#4daf4a", "source": "semantics", "topic": "T42", "target": "reference and denotation", "value": 456.02999999999997}, {"color": "#4daf4a", "source": "semantics", "topic": "T42", "target": "semantic puzzle", "value": 4380.0300000000007}, {"color": "#4daf4a", "source": "semantics", "topic": "T42", "target": "expression and idiom", "value": 182.01999999999998}, {"color": "#4daf4a", "source": "philosophy of language", "topic": "T42", "target": "pragmatics", "value": 4505.0600000000004}, {"color": "#f781bf", "source": "T111", "topic": "T111", "target": "feminist philosophy", "value": 7586.1000000000004}, {"color": "#a7572a", "source": "T78", "topic": "T78", "target": "feminist philosophy", "value": 5579.1000000000013}, {"color": "#e41a1c", "source": "T112", "topic": "T112", "target": "feminist philosophy", "value": 3687.1000000000013}, {"color": "#f781bf", "source": "feminist philosophy", "topic": "T111", "target": "methods in feminism", "value": 3155.0699999999997}, {"color": "#a7572a", "source": "feminist philosophy", "topic": "T78", "target": "methods in feminism", "value": 4360.0700000000006}, {"color": "#e41a1c", "source": "feminist philosophy", "topic": "T112", "target": "methods in feminism", "value": 2960.0700000000006}, {"color": "#f781bf", "source": "T47", "topic": "T47", "target": "philosophy of biology", "value": 18974.200000000001}, {"color": "#4daf4a", "source": "T50", "topic": "T50", "target": "philosophy of biology", "value": 6259.2000000000035}, {"color": "#e41a1c", "source": "T64", "topic": "T64", "target": "philosophy of biology", "value": 6181.2000000000035}, {"color": "#f781bf", "source": "philosophy of biology", "topic": "T47", "target": "developmental biology", "value": 634.00999999999999}, {"color": "#4daf4a", "source": "philosophy of biology", "topic": "T50", "target": "developmental biology", "value": 83.009999999999991}, {"color": "#f781bf", "source": "philosophy of biology", "topic": "T47", "target": "ecology and conservation", "value": 289.00999999999999}, {"color": "#4daf4a", "source": "philosophy of biology", "topic": "T50", "target": "ecology and conservation", "value": 674.00999999999999}, {"color": "#e41a1c", "source": "philosophy of biology", "topic": "T64", "target": "ecology and conservation", "value": 1752.01}, {"color": "#f781bf", "source": "philosophy of biology", "topic": "T47", "target": "function and teleology", "value": 222.00999999999999}, {"color": "#4daf4a", "source": "philosophy of biology", "topic": "T50", "target": "function and teleology", "value": 34.009999999999991}, {"color": "#f781bf", "source": "philosophy of biology", "topic": "T47", "target": "molecular biology and genetics", "value": 1237.01}, {"color": "#f781bf", "source": "philosophy of biology", "topic": "T47", "target": "evolution", "value": 11319.08}, {"color": "#4daf4a", "source": "philosophy of biology", "topic": "T50", "target": "evolution", "value": 1365.0799999999999}, {"color": "#e41a1c", "source": "philosophy of biology", "topic": "T64", "target": "evolution", "value": 145.07999999999993}, {"color": "#fffe33", "source": "T29", "topic": "T29", "target": "philosophy of mathematics", "value": 2217.0699999999997}, {"color": "#a7572a", "source": "T54", "topic": "T54", "target": "philosophy of mathematics", "value": 1956.0700000000002}, {"color": "#974fa2", "source": "T91", "topic": "T91", "target": "philosophy of mathematics", "value": 1816.0699999999999}, {"color": "#fffe33", "source": "T93", "topic": "T93", "target": "philosophy of law", "value": 12000.130000000001}, {"color": "#ff8000", "source": "T12", "topic": "T12", "target": "philosophy of law", "value": 6622.1300000000028}, {"color": "#fffe33", "source": "T117", "topic": "T117", "target": "philosophy of law", "value": 4944.130000000001}, {"color": "#f781bf", "source": "T87", "topic": "T87", "target": "philosophy of law", "value": 4561.130000000001}, {"color": "#fffe33", "source": "philosophy of law", "topic": "T93", "target": "legal reasoning", "value": 3926.0200000000004}, {"color": "#ff8000", "source": "philosophy of law", "topic": "T12", "target": "legal reasoning", "value": 47.019999999999982}, {"color": "#fffe33", "source": "philosophy of law", "topic": "T117", "target": "legal reasoning", "value": 1508.02}, {"color": "#f781bf", "source": "philosophy of law", "topic": "T87", "target": "legal reasoning", "value": 781.01999999999998}, {"color": "#4daf4a", "source": "T50", "topic": "T50", "target": "philosophy of computer science", "value": 5767.0600000000013}, {"color": "#f781bf", "source": "T63", "topic": "T63", "target": "philosophy of computer science", "value": 4620.0600000000013}, {"color": "#f781bf", "source": "T87", "topic": "T87", "target": "ethics", "value": 13296.430000000008}, {"color": "#a7572a", "source": "T102", "topic": "T102", "target": "ethics", "value": 12080.430000000008}, {"color": "#f781bf", "source": "ethics", "topic": "T87", "target": "normative ethics", "value": 172.01999999999998}, {"color": "#a7572a", "source": "ethics", "topic": "T102", "target": "normative ethics", "value": 1103.02}, {"color": "#f781bf", "source": "ethics", "topic": "T87", "target": "applied ethics", "value": 2153.1700000000001}, {"color": "#a7572a", "source": "ethics", "topic": "T102", "target": "applied ethics", "value": 5165.1700000000019}, {"color": "#f781bf", "source": "applied ethics", "topic": "T87", "target": "bioethics", "value": 843.08999999999992}, {"color": "#a7572a", "source": "applied ethics", "topic": "T102", "target": "bioethics", "value": 3149.0900000000001}, {"color": "#f781bf", "source": "applied ethics", "topic": "T87", "target": "ethics and information technology", "value": 858.04999999999995}, {"color": "#a7572a", "source": "applied ethics", "topic": "T102", "target": "ethics and information technology", "value": 1260.05}, {"color": "#f781bf", "source": "ethics", "topic": "T87", "target": "metaethics", "value": 5122.130000000001}, {"color": "#a7572a", "source": "ethics", "topic": "T102", "target": "metaethics", "value": 2916.130000000001}, {"color": "#f781bf", "source": "metaethics", "topic": "T87", "target": "internalism", "value": 385.00999999999999}, {"color": "#a7572a", "source": "metaethics", "topic": "T102", "target": "internalism", "value": 207.00999999999999}, {"color": "#f781bf", "source": "metaethics", "topic": "T87", "target": "moral reasoning", "value": 440.02999999999997}, {"color": "#a7572a", "source": "metaethics", "topic": "T102", "target": "moral reasoning", "value": 930.02999999999997}, {"color": "#f781bf", "source": "metaethics", "topic": "T87", "target": "moral epistemology", "value": 1846.03}, {"color": "#a7572a", "source": "metaethics", "topic": "T102", "target": "moral epistemology", "value": 624.02999999999997}, {"color": "#f781bf", "source": "metaethics", "topic": "T87", "target": "externalism", "value": 378.01999999999998}, {"color": "#a7572a", "source": "metaethics", "topic": "T102", "target": "externalism", "value": 83.019999999999982}, {"color": "#974fa2", "source": "T107", "topic": "T107", "target": "epistemology", "value": 17093.240000000002}, {"color": "#f781bf", "source": "T87", "topic": "T87", "target": "epistemology", "value": 9259.2400000000034}, {"color": "#974fa2", "source": "epistemology", "topic": "T107", "target": "social epistemology", "value": 482.00999999999999}, {"color": "#f781bf", "source": "epistemology", "topic": "T87", "target": "social epistemology", "value": 332.00999999999999}, {"color": "#974fa2", "source": "epistemology", "topic": "T107", "target": "naturalized epistemology", "value": 34.019999999999982}, {"color": "#f781bf", "source": "epistemology", "topic": "T87", "target": "naturalized epistemology", "value": 188.01999999999998}, {"color": "#974fa2", "source": "epistemology", "topic": "T107", "target": "knowledge sources", "value": 97.029999999999973}, {"color": "#f781bf", "source": "epistemology", "topic": "T87", "target": "knowledge sources", "value": 1181.03}, {"color": "#974fa2", "source": "epistemology", "topic": "T107", "target": "justification", "value": 9683.0800000000017}, {"color": "#f781bf", "source": "epistemology", "topic": "T87", "target": "justification", "value": 2138.0799999999999}, {"color": "#974fa2", "source": "justification", "topic": "T107", "target": "bayesianism", "value": 28.009999999999991}, {"color": "#f781bf", "source": "justification", "topic": "T87", "target": "bayesianism", "value": 27.009999999999991}, {"color": "#974fa2", "source": "justification", "topic": "T107", "target": "internalism and externalism", "value": 117.00999999999999}, {"color": "#f781bf", "source": "justification", "topic": "T87", "target": "internalism and externalism", "value": 223.00999999999999}, {"color": "#974fa2", "source": "justification", "topic": "T107", "target": "foundationalism", "value": 1188.01}, {"color": "#f781bf", "source": "justification", "topic": "T87", "target": "foundationalism", "value": 398.00999999999999}, {"color": "#974fa2", "source": "justification", "topic": "T107", "target": "coherentism", "value": 3805.0200000000004}, {"color": "#f781bf", "source": "justification", "topic": "T87", "target": "coherentism", "value": 839.01999999999998}, {"color": "#974fa2", "source": "epistemology", "topic": "T107", "target": "knowledge and skepticism", "value": 3593.04}, {"color": "#f781bf", "source": "epistemology", "topic": "T87", "target": "knowledge and skepticism", "value": 3466.04}, {"color": "#974fa2", "source": "knowledge and skepticism", "topic": "T107", "target": "skepticism", "value": 61.009999999999991}, {"color": "#f781bf", "source": "knowledge and skepticism", "topic": "T87", "target": "skepticism", "value": 1517.01}, {"color": "#974fa2", "source": "knowledge and skepticism", "topic": "T107", "target": "knowledge", "value": 1648.02}, {"color": "#f781bf", "source": "knowledge and skepticism", "topic": "T87", "target": "knowledge", "value": 1449.02}, {"color": "#e41a1c", "source": "T96", "topic": "T96", "target": "philosophy of sociology", "value": 1397.01}, {"color": "#a7572a", "source": "T78", "topic": "T78", "target": "philosophy of sociology", "value": 1352.01}, {"color": "#fffe33", "source": "T117", "topic": "T117", "target": "philosophy of sociology", "value": 391.00999999999999}, {"color": "#fffe33", "source": "T69", "topic": "T69", "target": "philosophy of religion", "value": 11602.360000000006}, {"color": "#f781bf", "source": "T87", "topic": "T87", "target": "philosophy of religion", "value": 10132.360000000006}, {"color": "#fffe33", "source": "philosophy of religion", "topic": "T69", "target": "religion and politics", "value": 984.05999999999995}, {"color": "#f781bf", "source": "philosophy of religion", "topic": "T87", "target": "religion and politics", "value": 2581.0600000000004}, {"color": "#fffe33", "source": "philosophy of religion", "topic": "T69", "target": "god", "value": 5446.0600000000013}, {"color": "#f781bf", "source": "philosophy of religion", "topic": "T87", "target": "god", "value": 1263.0599999999999}, {"color": "#fffe33", "source": "god", "topic": "T69", "target": "existence of god", "value": 1764.0100000000002}, {"color": "#f781bf", "source": "god", "topic": "T87", "target": "existence of god", "value": 567.00999999999999}, {"color": "#fffe33", "source": "god", "topic": "T69", "target": "divine attributes", "value": 3682.0500000000002}, {"color": "#f781bf", "source": "god", "topic": "T87", "target": "divine attributes", "value": 696.04999999999995}, {"color": "#fffe33", "source": "philosophy of religion", "topic": "T69", "target": "epistemology of religion", "value": 609.04999999999995}, {"color": "#f781bf", "source": "philosophy of religion", "topic": "T87", "target": "epistemology of religion", "value": 1301.05}, {"color": "#fffe33", "source": "epistemology of religion", "topic": "T69", "target": "faith and reason", "value": 21.029999999999973}, {"color": "#f781bf", "source": "epistemology of religion", "topic": "T87", "target": "faith and reason", "value": 1133.03}, {"color": "#fffe33", "source": "epistemology of religion", "topic": "T69", "target": "revelation", "value": 138.00999999999999}, {"color": "#f781bf", "source": "epistemology of religion", "topic": "T87", "target": "revelation", "value": 168.00999999999999}, {"color": "#fffe33", "source": "philosophy of religion", "topic": "T69", "target": "afterlife", "value": 722.01999999999998}, {"color": "#f781bf", "source": "T95", "topic": "T95", "target": "philosophy of science", "value": 11422.150000000003}, {"color": "#f781bf", "source": "T87", "topic": "T87", "target": "philosophy of science", "value": 5285.1500000000015}, {"color": "#f781bf", "source": "philosophy of science", "topic": "T95", "target": "epistemology of science", "value": 4218.0400000000009}, {"color": "#f781bf", "source": "philosophy of science", "topic": "T87", "target": "epistemology of science", "value": 1536.04}, {"color": "#f781bf", "source": "epistemology of science", "topic": "T87", "target": "models and idealization", "value": 355.00999999999999}, {"color": "#f781bf", "source": "epistemology of science", "topic": "T87", "target": "scientific theory", "value": 265.01999999999998}, {"color": "#f781bf", "source": "scientific theory", "topic": "T87", "target": "probability", "value": 9.0099999999999909}, {"color": "#f781bf", "source": "epistemology of science", "topic": "T95", "target": "explanation", "value": 4218.0100000000002}, {"color": "#f781bf", "source": "epistemology of science", "topic": "T87", "target": "explanation", "value": 916.00999999999999}, {"color": "#f781bf", "source": "philosophy of science", "topic": "T95", "target": "metaphysics of science", "value": 7046.0800000000008}, {"color": "#f781bf", "source": "philosophy of science", "topic": "T87", "target": "metaphysics of science", "value": 2601.0799999999999}, {"color": "#f781bf", "source": "metaphysics of science", "topic": "T95", "target": "causation", "value": 6809.0600000000004}, {"color": "#f781bf", "source": "metaphysics of science", "topic": "T87", "target": "causation", "value": 2347.0599999999999}, {"color": "#f781bf", "source": "causation", "topic": "T95", "target": "cause and effect", "value": 4207.04}, {"color": "#f781bf", "source": "causation", "topic": "T87", "target": "cause and effect", "value": 1682.04}, {"color": "#f781bf", "source": "philosophy of science", "topic": "T95", "target": "science and religion", "value": 158.00999999999999}, {"color": "#f781bf", "source": "philosophy of science", "topic": "T87", "target": "science and religion", "value": 138.00999999999999}, {"color": "#f781bf", "source": "T87", "topic": "T87", "target": "metaphysics", "value": 15543.470000000003}, {"color": "#f781bf", "source": "metaphysics", "topic": "T87", "target": "facts", "value": 1015.02}, {"color": "#f781bf", "source": "metaphysics", "topic": "T87", "target": "object", "value": 284.00999999999999}, {"color": "#f781bf", "source": "metaphysics", "topic": "T87", "target": "property", "value": 678.02999999999997}, {"color": "#f781bf", "source": "metaphysics", "topic": "T87", "target": "relations", "value": 2040.04}, {"color": "#f781bf", "source": "metaphysics", "topic": "T87", "target": "change", "value": 877.01999999999998}, {"color": "#f781bf", "source": "metaphysics", "topic": "T87", "target": "space and time", "value": 3879.1100000000006}, {"color": "#f781bf", "source": "space and time", "topic": "T87", "target": "matter", "value": 247.00999999999999}, {"color": "#f781bf", "source": "space and time", "topic": "T87", "target": "time", "value": 723.03999999999996}, {"color": "#f781bf", "source": "space and time", "topic": "T87", "target": "supertasks", "value": 1542.02}, {"color": "#f781bf", "source": "space and time", "topic": "T87", "target": "spacetime", "value": 1015.02}, {"color": "#f781bf", "source": "metaphysics", "topic": "T87", "target": "existence", "value": 1818.0699999999999}, {"color": "#f781bf", "source": "existence", "topic": "T87", "target": "arguments for the existence of god", "value": 1501.05}, {"color": "#4daf4a", "source": "T90", "topic": "T90", "target": "philosophy of economics", "value": 1928.02}, {"color": "#974fa2", "source": "T43", "topic": "T43", "target": "philosophy of economics", "value": 1646.02}, {"color": "#fffe33", "source": "T93", "topic": "T93", "target": "philosophy of economics", "value": 1238.02}, {"color": "#4daf4a", "source": "T50", "topic": "T50", "target": "philosophy of economics", "value": 886.01999999999998}, {"color": "#a7572a", "source": "T78", "topic": "T78", "target": "philosophy of economics", "value": 705.01999999999998}]}