{"nodes": [{"color": "#974fa2", "name": "T3", "words": "selection, species, evolutionary, biological, biology, genetic, evolution, genes, organisms, population"}, {"color": "#ff8000", "name": "T4", "words": "quantum, mechanics, measurement, space, systems, field, spacetime, classical, physics, relativity"}, {"color": "#fffe33", "name": "T5", "words": "understanding, within, role, often, approach, various, central, specific, ways, indeed"}, {"color": "#a7572a", "name": "T6", "words": "legal, justice, principles, rawls, public, authority, rules, reasons, obligation, obligations"}, {"color": "#e41a1c", "name": "T8", "words": "art, aesthetic, beauty, aesthetics, works, music, beautiful, poetry, taste, nietzsche"}, {"color": "#4daf4a", "name": "T10", "words": "women, feminist, gender, men, feminists, sexual, sex, woman, male, race"}, {"color": "#974fa2", "name": "T11", "words": "rights, liberal, government, citizens, group, power, international, freedom, democratic, institutions"}, {"color": "#ff8000", "name": "T12", "words": "change, space, 3, three, present, points, line, infinite, following, b"}, {"color": "#fffe33", "name": "T13", "words": "pleasure, virtue, morality, hume, happiness, mill, love, ethical, ethics, desire"}, {"color": "#a7572a", "name": "T14", "words": "worlds, modal, identity, exist, ontological, lewis, property, affairs, entities, facts"}, {"color": "#e41a1c", "name": "T16", "words": "information, computer, turing, al, cognitive, behavior, data, systems, machine, computational"}, {"color": "#397db6", "name": "T17", "words": "game, utility, preferences, player, choice, strategy, preference, decision, agents, expected"}, {"color": "#4daf4a", "name": "T18", "words": "beliefs, justification, justified, epistemic, know, evidence, proposition, believe, propositions, believing"}, {"color": "#974fa2", "name": "T19", "words": "substance, relations, parts, real, categories, thing, kinds, entities, substances, material"}, {"color": "#fffe33", "name": "T21", "words": "mental, consciousness, content, experiences, perception, conscious, perceptual, phenomenal, memory, contents"}, {"color": "#a7572a", "name": "T22", "words": "mathematical, mathematics, numbers, x, proof, sets, theorem, axioms, arithmetic, type"}, {"color": "#f781bf", "name": "T23", "words": "aristotle, medieval, ockham, proposition, term, scotus, propositions, socrates, subject, man"}, {"color": "#e41a1c", "name": "T24", "words": "probability, evidence, h, probabilities, hypothesis, hypotheses, probabilistic, e, chance, inductive"}, {"color": "#397db6", "name": "T25", "words": "causal, cause, events, explanation, causation, laws, mental, causes, event, explanations"}, {"color": "#4daf4a", "name": "T26", "words": "divine, religious, evil, religion, faith, power, christian, free, universe, theological"}, {"color": "#a7572a", "name": "T30", "words": "scientific, empirical, theoretical, sciences, logical, method, peirce, carnap, kuhn, physics"}, {"color": "#f781bf", "name": "T31", "words": "meaning, sentence, sentences, semantic, proposition, propositions, speaker, expressions, content, linguistic"}, {"color": "#e41a1c", "name": "T32", "words": "kant, transcendental, idealism, judgment, space, pure, concepts, empirical, ideas, representations"}, {"color": "#397db6", "name": "T33", "words": "child, death, persons, respect, children, status, morally, harm, interests, future"}, {"color": "#4daf4a", "name": "T34", "words": "think, arguments, seem, claims, sort, perhaps, version, need, n't, e.g"}, {"color": "#974fa2", "name": "T35", "words": "x, logical, b, semantics, rules, logics, formula, y, classical, f"}, {"color": "#ff8000", "name": "T36", "words": "health, equality, research, disability, justice, individuals, care, opportunity, medical, society"}, {"color": "#fffe33", "name": "T37", "words": "punishment, harm, war, criminal, privacy, wrong, pornography, morally, civil, violence"}, {"color": "#f781bf", "name": "T39", "words": "beliefs, evidence, judgments, reasoning, epistemic, judgment, normative, claims, arguments, values"}, {"name": "aesthetics and philosophy of art"}, {"name": "history of philosophy"}, {"name": "social and political philosophy"}, {"name": "probability and statistics"}, {"name": "philosophy of physics"}, {"name": "logic"}, {"name": "philosophy of mind"}, {"name": "philosophy of language"}, {"name": "feminist philosophy"}, {"name": "philosophy of biology"}, {"name": "philosophy of mathematics"}, {"name": "philosophy of law"}, {"name": "philosophy of computer science"}, {"name": "ethics"}, {"name": "epistemology"}, {"name": "philosophy of sociology"}, {"name": "philosophy of religion"}, {"name": "philosophy of science"}, {"name": "metaphysics"}, {"name": "philosophy of economics"}], "links": [{"color": "#e41a1c", "source": "T8", "topic": "T8", "target": "aesthetics and philosophy of art", "value": 15093.150000000001}, {"color": "#fffe33", "source": "T5", "topic": "T5", "target": "aesthetics and philosophy of art", "value": 11996.150000000001}, {"color": "#4daf4a", "source": "T34", "topic": "T34", "target": "aesthetics and philosophy of art", "value": 4250.1500000000015}, {"color": "#e41a1c", "source": "T32", "topic": "T32", "target": "aesthetics and philosophy of art", "value": 3575.1500000000005}, {"color": "#f781bf", "source": "T23", "topic": "T23", "target": "history of philosophy", "value": 12648.200000000003}, {"color": "#fffe33", "source": "T5", "topic": "T5", "target": "history of philosophy", "value": 11110.200000000004}, {"color": "#4daf4a", "source": "T34", "topic": "T34", "target": "history of philosophy", "value": 8420.2000000000025}, {"color": "#f781bf", "source": "T39", "topic": "T39", "target": "history of philosophy", "value": 7896.2000000000035}, {"color": "#974fa2", "source": "T11", "topic": "T11", "target": "social and political philosophy", "value": 32101.319999999989}, {"color": "#fffe33", "source": "T5", "topic": "T5", "target": "social and political philosophy", "value": 21985.319999999989}, {"color": "#a7572a", "source": "T6", "topic": "T6", "target": "social and political philosophy", "value": 21751.319999999996}, {"color": "#fffe33", "source": "T37", "topic": "T37", "target": "social and political philosophy", "value": 10894.320000000005}, {"color": "#397db6", "source": "T33", "topic": "T33", "target": "social and political philosophy", "value": 9798.3200000000033}, {"color": "#ff8000", "source": "T36", "topic": "T36", "target": "social and political philosophy", "value": 9425.3200000000033}, {"color": "#4daf4a", "source": "T34", "topic": "T34", "target": "social and political philosophy", "value": 8394.3200000000033}, {"color": "#397db6", "source": "T17", "topic": "T17", "target": "probability and statistics", "value": 6888.0400000000009}, {"color": "#e41a1c", "source": "T24", "topic": "T24", "target": "probability and statistics", "value": 6248.0400000000009}, {"color": "#ff8000", "source": "T12", "topic": "T12", "target": "probability and statistics", "value": 1987.04}, {"color": "#ff8000", "source": "T4", "topic": "T4", "target": "philosophy of physics", "value": 56465.290000000015}, {"color": "#fffe33", "source": "T5", "topic": "T5", "target": "philosophy of physics", "value": 15804.290000000005}, {"color": "#ff8000", "source": "T12", "topic": "T12", "target": "philosophy of physics", "value": 13551.290000000005}, {"color": "#974fa2", "source": "T35", "topic": "T35", "target": "logic", "value": 59732.570000000051}, {"color": "#a7572a", "source": "T22", "topic": "T22", "target": "logic", "value": 32211.57}, {"color": "#397db6", "source": "T17", "topic": "T17", "target": "logic", "value": 17902.569999999952}, {"color": "#4daf4a", "source": "T34", "topic": "T34", "target": "logic", "value": 14612.570000000009}, {"color": "#fffe33", "source": "T21", "topic": "T21", "target": "philosophy of mind", "value": 55979.630000000019}, {"color": "#4daf4a", "source": "T34", "topic": "T34", "target": "philosophy of mind", "value": 47382.629999999997}, {"color": "#fffe33", "source": "T5", "topic": "T5", "target": "philosophy of mind", "value": 39257.629999999983}, {"color": "#e41a1c", "source": "T16", "topic": "T16", "target": "philosophy of mind", "value": 27553.629999999932}, {"color": "#f781bf", "source": "T31", "topic": "T31", "target": "philosophy of language", "value": 49315.36000000003}, {"color": "#4daf4a", "source": "T34", "topic": "T34", "target": "philosophy of language", "value": 24408.35999999999}, {"color": "#fffe33", "source": "T5", "topic": "T5", "target": "philosophy of language", "value": 18290.359999999997}, {"color": "#974fa2", "source": "T35", "topic": "T35", "target": "philosophy of language", "value": 10184.360000000006}, {"color": "#4daf4a", "source": "T10", "topic": "T10", "target": "feminist philosophy", "value": 12751.100000000002}, {"color": "#fffe33", "source": "T5", "topic": "T5", "target": "feminist philosophy", "value": 6968.1000000000013}, {"color": "#ff8000", "source": "T36", "topic": "T36", "target": "feminist philosophy", "value": 3042.1000000000004}, {"color": "#974fa2", "source": "T3", "topic": "T3", "target": "philosophy of biology", "value": 31543.199999999993}, {"color": "#fffe33", "source": "T5", "topic": "T5", "target": "philosophy of biology", "value": 13959.200000000003}, {"color": "#a7572a", "source": "T22", "topic": "T22", "target": "philosophy of mathematics", "value": 8081.0700000000015}, {"color": "#ff8000", "source": "T12", "topic": "T12", "target": "philosophy of mathematics", "value": 6536.0700000000006}, {"color": "#fffe33", "source": "T5", "topic": "T5", "target": "philosophy of mathematics", "value": 2798.0700000000006}, {"color": "#974fa2", "source": "T35", "topic": "T35", "target": "philosophy of mathematics", "value": 1389.0700000000002}, {"color": "#a7572a", "source": "T6", "topic": "T6", "target": "philosophy of law", "value": 16825.130000000001}, {"color": "#fffe33", "source": "T5", "topic": "T5", "target": "philosophy of law", "value": 8632.130000000001}, {"color": "#fffe33", "source": "T37", "topic": "T37", "target": "philosophy of law", "value": 7471.1300000000028}, {"color": "#4daf4a", "source": "T34", "topic": "T34", "target": "philosophy of law", "value": 6634.1300000000019}, {"color": "#974fa2", "source": "T35", "topic": "T35", "target": "philosophy of computer science", "value": 7398.0600000000004}, {"color": "#e41a1c", "source": "T16", "topic": "T16", "target": "philosophy of computer science", "value": 7251.0600000000013}, {"color": "#fffe33", "source": "T5", "topic": "T5", "target": "philosophy of computer science", "value": 5384.0600000000013}, {"color": "#a7572a", "source": "T22", "topic": "T22", "target": "philosophy of computer science", "value": 4871.0600000000004}, {"color": "#ff8000", "source": "T12", "topic": "T12", "target": "philosophy of computer science", "value": 4224.0600000000004}, {"color": "#f781bf", "source": "T31", "topic": "T31", "target": "philosophy of computer science", "value": 3136.0600000000004}, {"color": "#fffe33", "source": "T5", "topic": "T5", "target": "ethics", "value": 25755.429999999982}, {"color": "#4daf4a", "source": "T34", "topic": "T34", "target": "ethics", "value": 23448.429999999982}, {"color": "#397db6", "source": "T33", "topic": "T33", "target": "ethics", "value": 16228.430000000008}, {"color": "#fffe33", "source": "T13", "topic": "T13", "target": "ethics", "value": 13843.430000000009}, {"color": "#ff8000", "source": "T36", "topic": "T36", "target": "ethics", "value": 11774.430000000008}, {"color": "#f781bf", "source": "T39", "topic": "T39", "target": "ethics", "value": 8768.4300000000039}, {"color": "#4daf4a", "source": "T18", "topic": "T18", "target": "epistemology", "value": 20825.239999999998}, {"color": "#fffe33", "source": "T5", "topic": "T5", "target": "epistemology", "value": 16383.240000000003}, {"color": "#4daf4a", "source": "T34", "topic": "T34", "target": "epistemology", "value": 13663.240000000003}, {"color": "#fffe33", "source": "T21", "topic": "T21", "target": "epistemology", "value": 8324.2400000000016}, {"color": "#f781bf", "source": "T39", "topic": "T39", "target": "epistemology", "value": 6993.2400000000034}, {"color": "#f781bf", "source": "T39", "topic": "T39", "target": "philosophy of sociology", "value": 1259.01}, {"color": "#fffe33", "source": "T5", "topic": "T5", "target": "philosophy of sociology", "value": 1230.01}, {"color": "#a7572a", "source": "T30", "topic": "T30", "target": "philosophy of sociology", "value": 1127.01}, {"color": "#ff8000", "source": "T36", "topic": "T36", "target": "philosophy of sociology", "value": 365.00999999999999}, {"color": "#4daf4a", "source": "T26", "topic": "T26", "target": "philosophy of religion", "value": 28182.359999999979}, {"color": "#fffe33", "source": "T5", "topic": "T5", "target": "philosophy of religion", "value": 18978.359999999993}, {"color": "#4daf4a", "source": "T34", "topic": "T34", "target": "philosophy of religion", "value": 10538.360000000006}, {"color": "#397db6", "source": "T25", "topic": "T25", "target": "philosophy of science", "value": 17293.149999999998}, {"color": "#fffe33", "source": "T5", "topic": "T5", "target": "philosophy of science", "value": 10183.150000000001}, {"color": "#4daf4a", "source": "T34", "topic": "T34", "target": "philosophy of science", "value": 8077.1500000000024}, {"color": "#a7572a", "source": "T30", "topic": "T30", "target": "philosophy of science", "value": 6801.1500000000005}, {"color": "#4daf4a", "source": "T34", "topic": "T34", "target": "metaphysics", "value": 30163.469999999976}, {"color": "#a7572a", "source": "T14", "topic": "T14", "target": "metaphysics", "value": 23960.469999999979}, {"color": "#ff8000", "source": "T12", "topic": "T12", "target": "metaphysics", "value": 15481.470000000008}, {"color": "#974fa2", "source": "T19", "topic": "T19", "target": "metaphysics", "value": 14790.470000000007}, {"color": "#397db6", "source": "T17", "topic": "T17", "target": "philosophy of economics", "value": 2651.02}, {"color": "#fffe33", "source": "T5", "topic": "T5", "target": "philosophy of economics", "value": 2016.02}, {"color": "#a7572a", "source": "T6", "topic": "T6", "target": "philosophy of economics", "value": 1956.0200000000002}, {"color": "#ff8000", "source": "T36", "topic": "T36", "target": "philosophy of economics", "value": 1745.02}]}